{"cameraMode":{"drawMode":0,"name":"Shaded","section":"Shading Mode"},"sceneLighting":false,"audioPlay":false,"sceneViewState":{"m_AlwaysRefresh":false,"showFog":true,"showSkybox":false,"showFlares":true,"showImageEffects":true,"showParticleSystems":true,"showVisualEffectGraphs":true,"m_FxEnabled":true},"in2DMode":false,"pivot":{"x":0.03721556067466736,"y":0.8185614347457886,"z":0.16381463408470155},"rotation":{"x":-0.23073744773864747,"y":0.2969764173030853,"z":-0.07419075071811676,"w":-0.9236134886741638},"size":1.5876753330230713,"orthographic":false}